text,username,followers,label,confidence,explanations
Click here to claim your iPhone now!,user0000,1428,Fake,0.87,"click, claim"
Thanks for all the support!,user0001,8067,Real,0.9,
Click here to claim your winner now!,user0002,1608,Fake,0.95,"winner, click, claim"
Click here to claim your reward now!,user0003,8282,Fake,0.93,"reward, click, claim"
We just hit a milestone!,user0004,1521,Real,0.91,
Excited to announce our new product.,user0005,5310,Real,0.88,
We just hit a milestone!,user0006,6993,Real,0.96,
Grateful for 10K followers!,user0007,2411,Real,0.96,
Grateful for 10K followers!,user0008,5415,Real,0.93,
Click here to claim your iPhone now!,user0009,7136,Fake,0.95,"click, claim"
Click here to claim your reward now!,user0010,7834,Fake,0.93,"reward, click, claim"
Click here to claim your click now!,user0011,3925,Fake,0.96,"click, claim"
Thanks for all the support!,user0012,8960,Real,0.92,
Click here to claim your free now!,user0013,6120,Fake,0.88,"free, click, claim"
Click here to claim your winner now!,user0014,731,Fake,0.98,"winner, click, claim"
We just hit a milestone!,user0015,3368,Real,0.98,
Click here to claim your winner now!,user0016,4727,Fake,0.88,"winner, click, claim"
Grateful for 10K followers!,user0017,4100,Real,0.99,
Click here to claim your cash now!,user0018,8093,Fake,0.9,"cash, click, claim"
Grateful for 10K followers!,user0019,7895,Real,0.99,
We just hit a milestone!,user0020,5232,Real,0.86,
Click here to claim your click now!,user0021,8029,Fake,0.98,"click, claim"
Thanks for all the support!,user0022,5677,Real,0.89,
Excited to announce our new product.,user0023,4341,Real,0.99,
We just hit a milestone!,user0024,7920,Real,0.94,
Click here to claim your click now!,user0025,4871,Fake,0.91,"click, claim"
Click here to claim your click now!,user0026,8757,Fake,0.85,"click, claim"
Join us for the live event tomorrow.,user0027,2562,Real,0.92,
Join us for the live event tomorrow.,user0028,9376,Real,0.94,
Grateful for 10K followers!,user0029,3441,Real,0.94,
Click here to claim your reward now!,user0030,9365,Fake,0.88,"reward, click, claim"
Excited to announce our new product.,user0031,7082,Real,0.96,
Click here to claim your winner now!,user0032,5908,Fake,0.95,"winner, click, claim"
Click here to claim your free now!,user0033,6988,Fake,0.87,"free, click, claim"
Click here to claim your free now!,user0034,4260,Fake,0.94,"free, click, claim"
Click here to claim your cash now!,user0035,5205,Fake,0.97,"cash, click, claim"
Click here to claim your free now!,user0036,6702,Fake,0.89,"free, click, claim"
Click here to claim your reward now!,user0037,4336,Fake,0.91,"reward, click, claim"
Click here to claim your selected now!,user0038,284,Fake,0.88,"selected, click, claim"
Excited to announce our new product.,user0039,8821,Real,0.85,
We just hit a milestone!,user0040,486,Real,0.88,
We just hit a milestone!,user0041,7404,Real,0.86,
Click here to claim your reward now!,user0042,5995,Fake,0.88,"reward, click, claim"
Grateful for 10K followers!,user0043,744,Real,0.86,
Click here to claim your reward now!,user0044,4722,Fake,0.92,"reward, click, claim"
Thanks for all the support!,user0045,7836,Real,0.87,
We just hit a milestone!,user0046,2689,Real,0.9,
We just hit a milestone!,user0047,3270,Real,0.99,
Click here to claim your congratulations now!,user0048,8465,Fake,0.93,"click, claim, congratulations"
We just hit a milestone!,user0049,2349,Real,0.94,
Click here to claim your reward now!,user0050,6602,Fake,0.88,"reward, click, claim"
Click here to claim your claim now!,user0051,549,Fake,0.92,"click, claim"
Click here to claim your iPhone now!,user0052,129,Fake,0.93,"click, claim"
Click here to claim your winner now!,user0053,3716,Fake,0.97,"winner, click, claim"
Click here to claim your selected now!,user0054,9632,Fake,0.94,"selected, click, claim"
Click here to claim your winner now!,user0055,8746,Fake,0.88,"winner, click, claim"
Click here to claim your prize now!,user0056,2528,Fake,0.95,"prize, click, claim"
Click here to claim your cash now!,user0057,5698,Fake,0.86,"cash, click, claim"
Thanks for all the support!,user0058,7905,Real,0.91,
Click here to claim your selected now!,user0059,1579,Fake,0.95,"selected, click, claim"
Click here to claim your prize now!,user0060,7397,Fake,0.88,"prize, click, claim"
Click here to claim your iPhone now!,user0061,130,Fake,0.98,"click, claim"
Click here to claim your reward now!,user0062,6783,Fake,0.95,"reward, click, claim"
Grateful for 10K followers!,user0063,5516,Real,0.88,
Click here to claim your iPhone now!,user0064,6397,Fake,0.97,"click, claim"
Grateful for 10K followers!,user0065,5982,Real,0.88,
Click here to claim your claim now!,user0066,6187,Fake,0.92,"click, claim"
We just hit a milestone!,user0067,743,Real,0.86,
Click here to claim your free now!,user0068,66,Fake,0.86,"free, click, claim"
Click here to claim your cash now!,user0069,9250,Fake,0.91,"cash, click, claim"
Excited to announce our new product.,user0070,2386,Real,0.97,
Thanks for all the support!,user0071,2717,Real,0.99,
Click here to claim your winner now!,user0072,1088,Fake,0.93,"winner, click, claim"
Excited to announce our new product.,user0073,9906,Real,0.93,
Click here to claim your click now!,user0074,6472,Fake,0.88,"click, claim"
We just hit a milestone!,user0075,624,Real,0.87,
Excited to announce our new product.,user0076,7615,Real,0.87,
Click here to claim your click now!,user0077,804,Fake,0.85,"click, claim"
We just hit a milestone!,user0078,43,Real,0.89,
Click here to claim your prize now!,user0079,6539,Fake,0.91,"prize, click, claim"
Click here to claim your claim now!,user0080,9905,Fake,0.95,"click, claim"
Click here to claim your iPhone now!,user0081,2875,Fake,0.94,"click, claim"
Click here to claim your selected now!,user0082,3476,Fake,0.93,"selected, click, claim"
Join us for the live event tomorrow.,user0083,1197,Real,0.92,
Click here to claim your cash now!,user0084,9227,Fake,0.93,"cash, click, claim"
We just hit a milestone!,user0085,6353,Real,0.87,
Join us for the live event tomorrow.,user0086,7697,Real,0.99,
Grateful for 10K followers!,user0087,9258,Real,0.97,
Click here to claim your cash now!,user0088,4448,Fake,0.94,"cash, click, claim"
Click here to claim your selected now!,user0089,1443,Fake,0.91,"selected, click, claim"
Excited to announce our new product.,user0090,2617,Real,0.87,
Click here to claim your free now!,user0091,3132,Fake,0.92,"free, click, claim"
Click here to claim your claim now!,user0092,7076,Fake,0.9,"click, claim"
Thanks for all the support!,user0093,4210,Real,0.91,
Join us for the live event tomorrow.,user0094,8380,Real,0.98,
Thanks for all the support!,user0095,1057,Real,0.91,
Click here to claim your winner now!,user0096,8013,Fake,0.91,"winner, click, claim"
Click here to claim your iPhone now!,user0097,5622,Fake,0.95,"click, claim"
Click here to claim your free now!,user0098,1967,Fake,0.99,"free, click, claim"
Click here to claim your claim now!,user0099,8242,Fake,0.96,"click, claim"
We just hit a milestone!,user0100,1655,Real,0.93,
Grateful for 10K followers!,user0101,7713,Real,0.85,
We just hit a milestone!,user0102,225,Real,0.87,
Click here to claim your click now!,user0103,2285,Fake,0.93,"click, claim"
Click here to claim your prize now!,user0104,4835,Fake,0.86,"prize, click, claim"
Click here to claim your cash now!,user0105,148,Fake,0.95,"cash, click, claim"
Grateful for 10K followers!,user0106,6710,Real,0.92,
Grateful for 10K followers!,user0107,9866,Real,0.92,
Excited to announce our new product.,user0108,9419,Real,0.95,
We just hit a milestone!,user0109,5423,Real,0.98,
Join us for the live event tomorrow.,user0110,6503,Real,0.92,
Click here to claim your iPhone now!,user0111,558,Fake,0.9,"click, claim"
Thanks for all the support!,user0112,10000,Real,0.97,
Click here to claim your reward now!,user0113,8702,Fake,0.98,"reward, click, claim"
Join us for the live event tomorrow.,user0114,6247,Real,0.94,
Click here to claim your free now!,user0115,3060,Fake,0.95,"free, click, claim"
Click here to claim your prize now!,user0116,4720,Fake,0.86,"prize, click, claim"
Click here to claim your winner now!,user0117,297,Fake,0.94,"winner, click, claim"
Join us for the live event tomorrow.,user0118,6482,Real,0.87,
Click here to claim your reward now!,user0119,5048,Fake,0.87,"reward, click, claim"
Grateful for 10K followers!,user0120,6814,Real,0.94,
Click here to claim your selected now!,user0121,5122,Fake,0.89,"selected, click, claim"
Click here to claim your reward now!,user0122,7215,Fake,0.94,"reward, click, claim"
Click here to claim your free now!,user0123,7977,Fake,0.96,"free, click, claim"
Excited to announce our new product.,user0124,3735,Real,0.9,
Excited to announce our new product.,user0125,2878,Real,0.94,
Grateful for 10K followers!,user0126,7089,Real,0.87,
Click here to claim your claim now!,user0127,3767,Fake,0.91,"click, claim"
Click here to claim your selected now!,user0128,776,Fake,0.89,"selected, click, claim"
Join us for the live event tomorrow.,user0129,7180,Real,0.97,
Click here to claim your iPhone now!,user0130,4683,Fake,0.85,"click, claim"
Click here to claim your cash now!,user0131,6022,Fake,0.88,"cash, click, claim"
Click here to claim your iPhone now!,user0132,8885,Fake,0.9,"click, claim"
Excited to announce our new product.,user0133,7556,Real,0.9,
Click here to claim your claim now!,user0134,5328,Fake,0.88,"click, claim"
Thanks for all the support!,user0135,5579,Real,0.95,
Join us for the live event tomorrow.,user0136,6852,Real,0.87,
We just hit a milestone!,user0137,8407,Real,0.95,
Excited to announce our new product.,user0138,2402,Real,0.91,
Click here to claim your cash now!,user0139,2381,Fake,0.86,"cash, click, claim"
Click here to claim your selected now!,user0140,2722,Fake,0.85,"selected, click, claim"
Excited to announce our new product.,user0141,5142,Real,0.93,
Join us for the live event tomorrow.,user0142,261,Real,0.9,
Click here to claim your claim now!,user0143,3595,Fake,0.93,"click, claim"
Click here to claim your selected now!,user0144,305,Fake,0.92,"selected, click, claim"
Click here to claim your claim now!,user0145,2588,Fake,0.98,"click, claim"
Grateful for 10K followers!,user0146,4125,Real,0.87,
Click here to claim your reward now!,user0147,1396,Fake,0.89,"reward, click, claim"
Click here to claim your click now!,user0148,9087,Fake,0.94,"click, claim"
We just hit a milestone!,user0149,6952,Real,0.91,
Grateful for 10K followers!,user0150,1294,Real,0.91,
Grateful for 10K followers!,user0151,7403,Real,0.9,
Join us for the live event tomorrow.,user0152,4924,Real,0.86,
Join us for the live event tomorrow.,user0153,1684,Real,0.94,
Click here to claim your congratulations now!,user0154,1741,Fake,0.98,"click, claim, congratulations"
Grateful for 10K followers!,user0155,880,Real,0.98,
Thanks for all the support!,user0156,1533,Real,0.89,
Click here to claim your claim now!,user0157,1296,Fake,0.89,"click, claim"
Excited to announce our new product.,user0158,9824,Real,0.97,
We just hit a milestone!,user0159,9623,Real,0.91,
Excited to announce our new product.,user0160,9179,Real,0.87,
Thanks for all the support!,user0161,9607,Real,0.89,
Thanks for all the support!,user0162,9711,Real,0.86,
We just hit a milestone!,user0163,2618,Real,0.86,
We just hit a milestone!,user0164,4335,Real,0.93,
Join us for the live event tomorrow.,user0165,2027,Real,0.97,
Click here to claim your click now!,user0166,4435,Fake,0.87,"click, claim"
Click here to claim your congratulations now!,user0167,2145,Fake,0.87,"click, claim, congratulations"
Click here to claim your iPhone now!,user0168,1778,Fake,0.87,"click, claim"
Join us for the live event tomorrow.,user0169,7348,Real,0.97,
Click here to claim your selected now!,user0170,3791,Fake,0.9,"selected, click, claim"
Click here to claim your claim now!,user0171,764,Fake,0.87,"click, claim"
We just hit a milestone!,user0172,7229,Real,0.96,
Click here to claim your congratulations now!,user0173,139,Fake,0.87,"click, claim, congratulations"
Click here to claim your reward now!,user0174,7178,Fake,0.91,"reward, click, claim"
Click here to claim your cash now!,user0175,8975,Fake,0.89,"cash, click, claim"
Join us for the live event tomorrow.,user0176,4772,Real,0.9,
Click here to claim your prize now!,user0177,2053,Fake,0.86,"prize, click, claim"
We just hit a milestone!,user0178,6710,Real,0.85,
Join us for the live event tomorrow.,user0179,4928,Real,0.99,
Grateful for 10K followers!,user0180,8094,Real,0.9,
Join us for the live event tomorrow.,user0181,8419,Real,0.86,
Click here to claim your click now!,user0182,1968,Fake,0.9,"click, claim"
Click here to claim your iPhone now!,user0183,2491,Fake,0.92,"click, claim"
We just hit a milestone!,user0184,40,Real,0.9,
Click here to claim your free now!,user0185,1643,Fake,0.88,"free, click, claim"
Thanks for all the support!,user0186,1756,Real,0.87,
Click here to claim your selected now!,user0187,1412,Fake,0.86,"selected, click, claim"
Thanks for all the support!,user0188,8707,Real,0.9,
Click here to claim your winner now!,user0189,6260,Fake,0.87,"winner, click, claim"
We just hit a milestone!,user0190,2623,Real,0.87,
Click here to claim your reward now!,user0191,6604,Fake,0.89,"reward, click, claim"
Thanks for all the support!,user0192,402,Real,0.96,
Grateful for 10K followers!,user0193,3110,Real,0.97,
Thanks for all the support!,user0194,8116,Real,0.97,
We just hit a milestone!,user0195,9784,Real,0.85,
Click here to claim your free now!,user0196,6104,Fake,0.96,"free, click, claim"
Click here to claim your winner now!,user0197,163,Fake,0.86,"winner, click, claim"
Click here to claim your reward now!,user0198,2867,Fake,0.97,"reward, click, claim"
Click here to claim your congratulations now!,user0199,7803,Fake,0.99,"click, claim, congratulations"
Click here to claim your winner now!,user0200,4485,Fake,0.9,"winner, click, claim"
Click here to claim your selected now!,user0201,7040,Fake,0.93,"selected, click, claim"
Click here to claim your click now!,user0202,9027,Fake,0.92,"click, claim"
Click here to claim your selected now!,user0203,6146,Fake,0.88,"selected, click, claim"
Thanks for all the support!,user0204,7313,Real,0.98,
Join us for the live event tomorrow.,user0205,7513,Real,0.91,
Click here to claim your winner now!,user0206,1983,Fake,0.98,"winner, click, claim"
Click here to claim your selected now!,user0207,617,Fake,0.91,"selected, click, claim"
Join us for the live event tomorrow.,user0208,2686,Real,0.95,
Click here to claim your claim now!,user0209,4197,Fake,0.92,"click, claim"
Click here to claim your prize now!,user0210,9393,Fake,0.9,"prize, click, claim"
Click here to claim your reward now!,user0211,3146,Fake,0.96,"reward, click, claim"
Thanks for all the support!,user0212,8698,Real,0.86,
Click here to claim your congratulations now!,user0213,5831,Fake,0.95,"click, claim, congratulations"
Thanks for all the support!,user0214,9567,Real,0.87,
Excited to announce our new product.,user0215,4546,Real,0.88,
Click here to claim your iPhone now!,user0216,2330,Fake,0.98,"click, claim"
Excited to announce our new product.,user0217,1623,Real,0.96,
Click here to claim your winner now!,user0218,5867,Fake,0.99,"winner, click, claim"
Grateful for 10K followers!,user0219,9239,Real,0.86,
Excited to announce our new product.,user0220,183,Real,0.91,
Click here to claim your reward now!,user0221,7187,Fake,0.91,"reward, click, claim"
Click here to claim your winner now!,user0222,7142,Fake,0.98,"winner, click, claim"
Click here to claim your click now!,user0223,266,Fake,0.93,"click, claim"
Click here to claim your click now!,user0224,8641,Fake,0.91,"click, claim"
Join us for the live event tomorrow.,user0225,2747,Real,0.97,
Click here to claim your prize now!,user0226,5569,Fake,0.85,"prize, click, claim"
We just hit a milestone!,user0227,2031,Real,0.86,
Grateful for 10K followers!,user0228,7702,Real,0.95,
Click here to claim your winner now!,user0229,4471,Fake,0.96,"winner, click, claim"
Click here to claim your cash now!,user0230,2817,Fake,0.85,"cash, click, claim"
Click here to claim your prize now!,user0231,4093,Fake,0.95,"prize, click, claim"
We just hit a milestone!,user0232,777,Real,0.91,
Thanks for all the support!,user0233,1139,Real,0.86,
Join us for the live event tomorrow.,user0234,9060,Real,0.92,
We just hit a milestone!,user0235,3844,Real,0.9,
Click here to claim your iPhone now!,user0236,5328,Fake,0.95,"click, claim"
Click here to claim your winner now!,user0237,1269,Fake,0.86,"winner, click, claim"
Grateful for 10K followers!,user0238,6306,Real,0.89,
Click here to claim your prize now!,user0239,3907,Fake,0.91,"prize, click, claim"
Grateful for 10K followers!,user0240,2491,Real,0.88,
Click here to claim your free now!,user0241,185,Fake,0.94,"free, click, claim"
Grateful for 10K followers!,user0242,7041,Real,0.97,
Click here to claim your prize now!,user0243,5161,Fake,0.95,"prize, click, claim"
Click here to claim your congratulations now!,user0244,1136,Fake,0.94,"click, claim, congratulations"
Grateful for 10K followers!,user0245,6884,Real,0.85,
Click here to claim your claim now!,user0246,4342,Fake,0.86,"click, claim"
Click here to claim your congratulations now!,user0247,9721,Fake,0.93,"click, claim, congratulations"
Thanks for all the support!,user0248,927,Real,0.95,
Excited to announce our new product.,user0249,8358,Real,0.9,
Click here to claim your selected now!,user0250,3714,Fake,0.95,"selected, click, claim"
We just hit a milestone!,user0251,1624,Real,0.85,
Join us for the live event tomorrow.,user0252,76,Real,0.88,
Thanks for all the support!,user0253,7972,Real,0.94,
Join us for the live event tomorrow.,user0254,8179,Real,0.88,
Excited to announce our new product.,user0255,2763,Real,0.86,
Click here to claim your free now!,user0256,4879,Fake,0.97,"free, click, claim"
Click here to claim your claim now!,user0257,1057,Fake,0.89,"click, claim"
Thanks for all the support!,user0258,985,Real,0.86,
Excited to announce our new product.,user0259,3310,Real,0.9,
Click here to claim your cash now!,user0260,4838,Fake,0.93,"cash, click, claim"
Click here to claim your winner now!,user0261,156,Fake,0.99,"winner, click, claim"
Click here to claim your click now!,user0262,1380,Fake,0.96,"click, claim"
Join us for the live event tomorrow.,user0263,1511,Real,0.96,
Click here to claim your congratulations now!,user0264,4142,Fake,0.93,"click, claim, congratulations"
Click here to claim your reward now!,user0265,5667,Fake,0.92,"reward, click, claim"
Excited to announce our new product.,user0266,966,Real,0.91,
Excited to announce our new product.,user0267,5017,Real,0.96,
We just hit a milestone!,user0268,6660,Real,0.88,
Click here to claim your claim now!,user0269,713,Fake,0.94,"click, claim"
Click here to claim your free now!,user0270,7006,Fake,0.88,"free, click, claim"
Click here to claim your selected now!,user0271,3333,Fake,0.91,"selected, click, claim"
Click here to claim your congratulations now!,user0272,7901,Fake,0.95,"click, claim, congratulations"
Excited to announce our new product.,user0273,4400,Real,0.91,
Click here to claim your winner now!,user0274,9398,Fake,0.89,"winner, click, claim"
Thanks for all the support!,user0275,4337,Real,0.93,
Click here to claim your winner now!,user0276,2547,Fake,0.85,"winner, click, claim"
Click here to claim your cash now!,user0277,9927,Fake,0.88,"cash, click, claim"
Click here to claim your click now!,user0278,852,Fake,0.92,"click, claim"
Click here to claim your iPhone now!,user0279,6697,Fake,0.94,"click, claim"
We just hit a milestone!,user0280,6934,Real,0.87,
We just hit a milestone!,user0281,8280,Real,0.96,
Click here to claim your selected now!,user0282,4224,Fake,0.98,"selected, click, claim"
We just hit a milestone!,user0283,103,Real,0.95,
Thanks for all the support!,user0284,1503,Real,0.9,
Click here to claim your prize now!,user0285,1756,Fake,0.87,"prize, click, claim"
Click here to claim your winner now!,user0286,7582,Fake,0.88,"winner, click, claim"
We just hit a milestone!,user0287,7079,Real,0.9,
Join us for the live event tomorrow.,user0288,4805,Real,0.92,
We just hit a milestone!,user0289,7494,Real,0.87,
Click here to claim your prize now!,user0290,1312,Fake,0.96,"prize, click, claim"
Click here to claim your selected now!,user0291,971,Fake,0.87,"selected, click, claim"
Grateful for 10K followers!,user0292,5158,Real,0.92,
Grateful for 10K followers!,user0293,7384,Real,0.93,
Click here to claim your click now!,user0294,9349,Fake,0.87,"click, claim"
Click here to claim your congratulations now!,user0295,4175,Fake,0.96,"click, claim, congratulations"
Join us for the live event tomorrow.,user0296,947,Real,0.97,
Grateful for 10K followers!,user0297,2687,Real,0.9,
Thanks for all the support!,user0298,422,Real,0.9,
Excited to announce our new product.,user0299,4628,Real,0.92,
Grateful for 10K followers!,user0300,6356,Real,0.91,
Thanks for all the support!,user0301,1260,Real,0.85,
We just hit a milestone!,user0302,3220,Real,0.92,
Click here to claim your congratulations now!,user0303,4809,Fake,0.88,"click, claim, congratulations"
Excited to announce our new product.,user0304,8945,Real,0.92,
Click here to claim your prize now!,user0305,5334,Fake,0.93,"prize, click, claim"
Click here to claim your congratulations now!,user0306,9328,Fake,0.85,"click, claim, congratulations"
We just hit a milestone!,user0307,7733,Real,0.97,
Click here to claim your free now!,user0308,7108,Fake,0.97,"free, click, claim"
Click here to claim your free now!,user0309,8273,Fake,0.97,"free, click, claim"
Click here to claim your selected now!,user0310,393,Fake,0.87,"selected, click, claim"
Thanks for all the support!,user0311,1212,Real,0.91,
Click here to claim your congratulations now!,user0312,6188,Fake,0.95,"click, claim, congratulations"
Thanks for all the support!,user0313,3969,Real,0.96,
Excited to announce our new product.,user0314,2841,Real,0.87,
Thanks for all the support!,user0315,8776,Real,0.92,
Join us for the live event tomorrow.,user0316,7768,Real,0.88,
Grateful for 10K followers!,user0317,1336,Real,0.85,
Click here to claim your free now!,user0318,3544,Fake,0.96,"free, click, claim"
Thanks for all the support!,user0319,9094,Real,0.86,
Excited to announce our new product.,user0320,1511,Real,0.93,
Click here to claim your congratulations now!,user0321,5866,Fake,0.9,"click, claim, congratulations"
Excited to announce our new product.,user0322,7407,Real,0.88,
Excited to announce our new product.,user0323,8179,Real,0.95,
Click here to claim your congratulations now!,user0324,9775,Fake,0.86,"click, claim, congratulations"
Click here to claim your winner now!,user0325,6466,Fake,0.96,"winner, click, claim"
Grateful for 10K followers!,user0326,6128,Real,0.96,
Thanks for all the support!,user0327,901,Real,0.86,
Click here to claim your click now!,user0328,9114,Fake,0.93,"click, claim"
Click here to claim your free now!,user0329,4825,Fake,0.86,"free, click, claim"
Join us for the live event tomorrow.,user0330,1602,Real,0.96,
Grateful for 10K followers!,user0331,5911,Real,0.94,
Click here to claim your prize now!,user0332,3500,Fake,0.9,"prize, click, claim"
Excited to announce our new product.,user0333,5182,Real,0.88,
Click here to claim your prize now!,user0334,5946,Fake,0.86,"prize, click, claim"
Click here to claim your click now!,user0335,8701,Fake,0.98,"click, claim"
Click here to claim your prize now!,user0336,2895,Fake,0.95,"prize, click, claim"
Excited to announce our new product.,user0337,6208,Real,0.98,
Click here to claim your click now!,user0338,7913,Fake,0.9,"click, claim"
Grateful for 10K followers!,user0339,3494,Real,0.93,
Click here to claim your free now!,user0340,8654,Fake,0.91,"free, click, claim"
Click here to claim your selected now!,user0341,2025,Fake,0.85,"selected, click, claim"
Click here to claim your winner now!,user0342,2393,Fake,0.93,"winner, click, claim"
Click here to claim your cash now!,user0343,303,Fake,0.9,"cash, click, claim"
Excited to announce our new product.,user0344,3254,Real,0.92,
Join us for the live event tomorrow.,user0345,4182,Real,0.97,
Thanks for all the support!,user0346,208,Real,0.89,
Click here to claim your claim now!,user0347,6108,Fake,0.89,"click, claim"
Join us for the live event tomorrow.,user0348,3595,Real,0.92,
Excited to announce our new product.,user0349,3747,Real,0.87,
Click here to claim your free now!,user0350,652,Fake,0.98,"free, click, claim"
Click here to claim your claim now!,user0351,8956,Fake,0.9,"click, claim"
We just hit a milestone!,user0352,6784,Real,0.88,
Click here to claim your congratulations now!,user0353,2382,Fake,0.93,"click, claim, congratulations"
Click here to claim your congratulations now!,user0354,7860,Fake,0.9,"click, claim, congratulations"
Thanks for all the support!,user0355,5593,Real,0.93,
Click here to claim your iPhone now!,user0356,5421,Fake,0.91,"click, claim"
Excited to announce our new product.,user0357,1171,Real,0.92,
Click here to claim your reward now!,user0358,5447,Fake,0.96,"reward, click, claim"
Join us for the live event tomorrow.,user0359,2437,Real,0.89,
Click here to claim your click now!,user0360,9552,Fake,0.94,"click, claim"
Click here to claim your selected now!,user0361,2252,Fake,0.86,"selected, click, claim"
Click here to claim your claim now!,user0362,8811,Fake,0.91,"click, claim"
Join us for the live event tomorrow.,user0363,8299,Real,0.85,
Excited to announce our new product.,user0364,9005,Real,0.9,
Click here to claim your winner now!,user0365,374,Fake,0.95,"winner, click, claim"
Join us for the live event tomorrow.,user0366,6220,Real,0.9,
Join us for the live event tomorrow.,user0367,6213,Real,0.86,
Grateful for 10K followers!,user0368,608,Real,0.86,
Click here to claim your prize now!,user0369,9116,Fake,0.86,"prize, click, claim"
Grateful for 10K followers!,user0370,5632,Real,0.9,
Click here to claim your prize now!,user0371,122,Fake,0.91,"prize, click, claim"
Click here to claim your free now!,user0372,2980,Fake,0.96,"free, click, claim"
Join us for the live event tomorrow.,user0373,1631,Real,0.97,
Grateful for 10K followers!,user0374,5275,Real,0.9,
Excited to announce our new product.,user0375,2512,Real,0.87,
Click here to claim your free now!,user0376,2199,Fake,0.89,"free, click, claim"
Thanks for all the support!,user0377,9220,Real,0.98,
We just hit a milestone!,user0378,9313,Real,0.89,
We just hit a milestone!,user0379,2923,Real,0.92,
Click here to claim your winner now!,user0380,6887,Fake,0.97,"winner, click, claim"
Click here to claim your cash now!,user0381,7536,Fake,0.91,"cash, click, claim"
Click here to claim your iPhone now!,user0382,6288,Fake,0.98,"click, claim"
We just hit a milestone!,user0383,8419,Real,0.87,
Click here to claim your claim now!,user0384,1171,Fake,0.94,"click, claim"
Grateful for 10K followers!,user0385,4707,Real,0.96,
Click here to claim your selected now!,user0386,7214,Fake,0.94,"selected, click, claim"
Excited to announce our new product.,user0387,7241,Real,0.92,
We just hit a milestone!,user0388,5054,Real,0.87,
Grateful for 10K followers!,user0389,6396,Real,0.91,
Excited to announce our new product.,user0390,3377,Real,0.87,
Click here to claim your cash now!,user0391,2451,Fake,0.96,"cash, click, claim"
Excited to announce our new product.,user0392,3133,Real,0.93,
Click here to claim your free now!,user0393,9708,Fake,0.87,"free, click, claim"
Click here to claim your free now!,user0394,9569,Fake,0.95,"free, click, claim"
Click here to claim your cash now!,user0395,6775,Fake,0.89,"cash, click, claim"
We just hit a milestone!,user0396,8157,Real,0.9,
Click here to claim your claim now!,user0397,8563,Fake,0.85,"click, claim"
Excited to announce our new product.,user0398,5843,Real,0.86,
Click here to claim your prize now!,user0399,8870,Fake,0.89,"prize, click, claim"
Click here to claim your free now!,user0400,7515,Fake,0.98,"free, click, claim"
Click here to claim your cash now!,user0401,8371,Fake,0.92,"cash, click, claim"
Click here to claim your prize now!,user0402,1885,Fake,0.98,"prize, click, claim"
Click here to claim your reward now!,user0403,1237,Fake,0.92,"reward, click, claim"
Click here to claim your congratulations now!,user0404,7313,Fake,0.98,"click, claim, congratulations"
Click here to claim your selected now!,user0405,5323,Fake,0.98,"selected, click, claim"
Click here to claim your claim now!,user0406,4568,Fake,0.97,"click, claim"
Click here to claim your iPhone now!,user0407,1298,Fake,0.87,"click, claim"
Click here to claim your selected now!,user0408,9493,Fake,0.98,"selected, click, claim"
Click here to claim your reward now!,user0409,1750,Fake,0.91,"reward, click, claim"
We just hit a milestone!,user0410,1357,Real,0.96,
Click here to claim your click now!,user0411,290,Fake,0.95,"click, claim"
Excited to announce our new product.,user0412,826,Real,0.96,
Join us for the live event tomorrow.,user0413,2951,Real,0.88,
Excited to announce our new product.,user0414,5310,Real,0.89,
Click here to claim your click now!,user0415,2455,Fake,0.97,"click, claim"
Click here to claim your winner now!,user0416,1806,Fake,0.87,"winner, click, claim"
Excited to announce our new product.,user0417,2376,Real,0.92,
Click here to claim your click now!,user0418,8910,Fake,0.87,"click, claim"
Thanks for all the support!,user0419,2296,Real,0.93,
Join us for the live event tomorrow.,user0420,8123,Real,0.96,
Click here to claim your claim now!,user0421,4362,Fake,0.88,"click, claim"
Click here to claim your reward now!,user0422,2147,Fake,0.97,"reward, click, claim"
We just hit a milestone!,user0423,2304,Real,0.88,
Join us for the live event tomorrow.,user0424,924,Real,0.98,
Grateful for 10K followers!,user0425,5933,Real,0.88,
Click here to claim your click now!,user0426,8852,Fake,0.98,"click, claim"
Click here to claim your iPhone now!,user0427,1905,Fake,0.91,"click, claim"
We just hit a milestone!,user0428,1228,Real,0.97,
Thanks for all the support!,user0429,6297,Real,0.94,
Click here to claim your prize now!,user0430,8110,Fake,0.94,"prize, click, claim"
Click here to claim your iPhone now!,user0431,8529,Fake,0.96,"click, claim"
We just hit a milestone!,user0432,4629,Real,0.9,
Click here to claim your claim now!,user0433,1215,Fake,0.89,"click, claim"
Click here to claim your reward now!,user0434,5249,Fake,0.85,"reward, click, claim"
Click here to claim your prize now!,user0435,2066,Fake,0.96,"prize, click, claim"
Click here to claim your prize now!,user0436,4442,Fake,0.95,"prize, click, claim"
We just hit a milestone!,user0437,8997,Real,0.95,
Click here to claim your congratulations now!,user0438,2669,Fake,0.88,"click, claim, congratulations"
Excited to announce our new product.,user0439,7985,Real,0.86,
Join us for the live event tomorrow.,user0440,2672,Real,0.98,
Join us for the live event tomorrow.,user0441,8717,Real,0.92,
Click here to claim your reward now!,user0442,1777,Fake,0.86,"reward, click, claim"
Thanks for all the support!,user0443,190,Real,0.98,
We just hit a milestone!,user0444,2273,Real,0.97,
Click here to claim your winner now!,user0445,141,Fake,0.88,"winner, click, claim"
Click here to claim your free now!,user0446,7202,Fake,0.98,"free, click, claim"
Click here to claim your cash now!,user0447,5095,Fake,0.88,"cash, click, claim"
Join us for the live event tomorrow.,user0448,8467,Real,0.89,
Click here to claim your free now!,user0449,9401,Fake,0.87,"free, click, claim"
Click here to claim your reward now!,user0450,3203,Fake,0.86,"reward, click, claim"
Excited to announce our new product.,user0451,5946,Real,0.91,
Click here to claim your click now!,user0452,2309,Fake,0.89,"click, claim"
Click here to claim your winner now!,user0453,5537,Fake,0.96,"winner, click, claim"
Join us for the live event tomorrow.,user0454,477,Real,0.96,
Thanks for all the support!,user0455,8938,Real,0.91,
Join us for the live event tomorrow.,user0456,5151,Real,0.87,
Click here to claim your congratulations now!,user0457,3463,Fake,0.96,"click, claim, congratulations"
Click here to claim your claim now!,user0458,4971,Fake,0.87,"click, claim"
Click here to claim your claim now!,user0459,9687,Fake,0.95,"click, claim"
We just hit a milestone!,user0460,6829,Real,0.91,
Grateful for 10K followers!,user0461,67,Real,0.9,
Click here to claim your cash now!,user0462,7190,Fake,0.98,"cash, click, claim"
Click here to claim your iPhone now!,user0463,5225,Fake,0.92,"click, claim"
Excited to announce our new product.,user0464,3919,Real,0.93,
Click here to claim your prize now!,user0465,8178,Fake,0.89,"prize, click, claim"
Thanks for all the support!,user0466,6029,Real,0.93,
Thanks for all the support!,user0467,8052,Real,0.95,
Excited to announce our new product.,user0468,320,Real,0.87,
Thanks for all the support!,user0469,5528,Real,0.89,
Grateful for 10K followers!,user0470,6453,Real,0.92,
Click here to claim your cash now!,user0471,2627,Fake,0.89,"cash, click, claim"
Excited to announce our new product.,user0472,9507,Real,0.87,
Click here to claim your free now!,user0473,3180,Fake,0.95,"free, click, claim"
Excited to announce our new product.,user0474,9032,Real,0.97,
Click here to claim your congratulations now!,user0475,6449,Fake,0.97,"click, claim, congratulations"
Click here to claim your cash now!,user0476,2305,Fake,0.89,"cash, click, claim"
Click here to claim your winner now!,user0477,4266,Fake,0.99,"winner, click, claim"
Click here to claim your cash now!,user0478,9386,Fake,0.9,"cash, click, claim"
Grateful for 10K followers!,user0479,8855,Real,0.96,
Click here to claim your winner now!,user0480,9052,Fake,0.88,"winner, click, claim"
Click here to claim your winner now!,user0481,5728,Fake,0.91,"winner, click, claim"
Click here to claim your prize now!,user0482,9383,Fake,0.98,"prize, click, claim"
Click here to claim your reward now!,user0483,1557,Fake,0.96,"reward, click, claim"
Thanks for all the support!,user0484,9326,Real,0.9,
We just hit a milestone!,user0485,7926,Real,0.93,
Thanks for all the support!,user0486,8886,Real,0.91,
Click here to claim your claim now!,user0487,6474,Fake,0.88,"click, claim"
Grateful for 10K followers!,user0488,1382,Real,0.94,
Click here to claim your claim now!,user0489,7875,Fake,0.98,"click, claim"
Click here to claim your free now!,user0490,9336,Fake,0.98,"free, click, claim"
Click here to claim your free now!,user0491,2182,Fake,0.94,"free, click, claim"
Click here to claim your reward now!,user0492,3868,Fake,0.93,"reward, click, claim"
We just hit a milestone!,user0493,6623,Real,0.9,
Click here to claim your congratulations now!,user0494,4745,Fake,0.97,"click, claim, congratulations"
Click here to claim your selected now!,user0495,7750,Fake,0.87,"selected, click, claim"
Click here to claim your iPhone now!,user0496,2138,Fake,0.97,"click, claim"
Thanks for all the support!,user0497,8669,Real,0.95,
Join us for the live event tomorrow.,user0498,9461,Real,0.92,
Grateful for 10K followers!,user0499,6586,Real,0.87,
Thanks for all the support!,user0500,3506,Real,0.93,
Thanks for all the support!,user0501,8754,Real,0.94,
Grateful for 10K followers!,user0502,8798,Real,0.89,
Excited to announce our new product.,user0503,2726,Real,0.93,
Excited to announce our new product.,user0504,7729,Real,0.97,
Grateful for 10K followers!,user0505,8441,Real,0.99,
Click here to claim your reward now!,user0506,4855,Fake,0.91,"reward, click, claim"
Grateful for 10K followers!,user0507,4133,Real,0.99,
Grateful for 10K followers!,user0508,6139,Real,0.94,
Grateful for 10K followers!,user0509,4023,Real,0.96,
Click here to claim your prize now!,user0510,9893,Fake,0.98,"prize, click, claim"
Click here to claim your reward now!,user0511,5363,Fake,0.98,"reward, click, claim"
Thanks for all the support!,user0512,3480,Real,0.98,
Join us for the live event tomorrow.,user0513,6472,Real,0.99,
Grateful for 10K followers!,user0514,8760,Real,0.95,
Click here to claim your claim now!,user0515,4363,Fake,0.89,"click, claim"
Thanks for all the support!,user0516,4485,Real,0.91,
We just hit a milestone!,user0517,5442,Real,0.93,
Click here to claim your prize now!,user0518,4361,Fake,0.89,"prize, click, claim"
Click here to claim your congratulations now!,user0519,945,Fake,0.94,"click, claim, congratulations"
Click here to claim your click now!,user0520,7811,Fake,0.91,"click, claim"
Join us for the live event tomorrow.,user0521,4397,Real,0.92,
Click here to claim your click now!,user0522,2976,Fake,0.87,"click, claim"
Thanks for all the support!,user0523,5790,Real,0.94,
Grateful for 10K followers!,user0524,5269,Real,0.91,
Click here to claim your congratulations now!,user0525,8944,Fake,0.95,"click, claim, congratulations"
Excited to announce our new product.,user0526,2315,Real,0.85,
Click here to claim your click now!,user0527,1928,Fake,0.92,"click, claim"
Click here to claim your claim now!,user0528,6993,Fake,0.92,"click, claim"
Join us for the live event tomorrow.,user0529,318,Real,0.98,
Join us for the live event tomorrow.,user0530,6067,Real,0.95,
Excited to announce our new product.,user0531,2874,Real,0.93,
Click here to claim your congratulations now!,user0532,1040,Fake,0.92,"click, claim, congratulations"
Click here to claim your congratulations now!,user0533,5690,Fake,0.94,"click, claim, congratulations"
Click here to claim your free now!,user0534,6496,Fake,0.95,"free, click, claim"
Excited to announce our new product.,user0535,9600,Real,0.93,
Click here to claim your claim now!,user0536,8895,Fake,0.94,"click, claim"
Click here to claim your cash now!,user0537,5802,Fake,0.97,"cash, click, claim"
Click here to claim your free now!,user0538,9935,Fake,0.93,"free, click, claim"
Click here to claim your cash now!,user0539,3407,Fake,0.96,"cash, click, claim"
Excited to announce our new product.,user0540,1269,Real,0.93,
Excited to announce our new product.,user0541,7896,Real,0.89,
Grateful for 10K followers!,user0542,7525,Real,0.87,
Click here to claim your free now!,user0543,4589,Fake,0.87,"free, click, claim"
Thanks for all the support!,user0544,2132,Real,0.9,
Thanks for all the support!,user0545,7315,Real,0.99,
We just hit a milestone!,user0546,1824,Real,0.93,
Grateful for 10K followers!,user0547,2516,Real,0.96,
Thanks for all the support!,user0548,3400,Real,0.91,
Click here to claim your free now!,user0549,1810,Fake,0.94,"free, click, claim"
Click here to claim your prize now!,user0550,1809,Fake,0.91,"prize, click, claim"
Click here to claim your claim now!,user0551,7654,Fake,0.99,"click, claim"
Click here to claim your cash now!,user0552,5343,Fake,0.95,"cash, click, claim"
Thanks for all the support!,user0553,1537,Real,0.96,
Click here to claim your click now!,user0554,4815,Fake,0.98,"click, claim"
Grateful for 10K followers!,user0555,7572,Real,0.87,
Join us for the live event tomorrow.,user0556,3250,Real,0.92,
Click here to claim your click now!,user0557,2822,Fake,0.85,"click, claim"
Click here to claim your selected now!,user0558,9331,Fake,0.96,"selected, click, claim"
We just hit a milestone!,user0559,6325,Real,0.9,
Click here to claim your free now!,user0560,6889,Fake,0.91,"free, click, claim"
We just hit a milestone!,user0561,9289,Real,0.88,
Thanks for all the support!,user0562,1353,Real,0.89,
Excited to announce our new product.,user0563,5829,Real,0.89,
Excited to announce our new product.,user0564,9636,Real,0.93,
We just hit a milestone!,user0565,7950,Real,0.94,
Click here to claim your cash now!,user0566,7714,Fake,0.99,"cash, click, claim"
Grateful for 10K followers!,user0567,2466,Real,0.98,
Click here to claim your prize now!,user0568,30,Fake,0.97,"prize, click, claim"
Click here to claim your congratulations now!,user0569,2968,Fake,0.99,"click, claim, congratulations"
Click here to claim your iPhone now!,user0570,131,Fake,0.91,"click, claim"
We just hit a milestone!,user0571,5874,Real,0.91,
Click here to claim your winner now!,user0572,5335,Fake,0.98,"winner, click, claim"
Click here to claim your cash now!,user0573,7595,Fake,0.93,"cash, click, claim"
Click here to claim your click now!,user0574,6196,Fake,0.96,"click, claim"
Thanks for all the support!,user0575,6325,Real,0.99,
Click here to claim your click now!,user0576,2275,Fake,0.85,"click, claim"
Thanks for all the support!,user0577,1055,Real,0.94,
Click here to claim your free now!,user0578,2912,Fake,0.92,"free, click, claim"
Click here to claim your prize now!,user0579,1709,Fake,0.99,"prize, click, claim"
Excited to announce our new product.,user0580,8827,Real,0.88,
Thanks for all the support!,user0581,9211,Real,0.91,
Click here to claim your click now!,user0582,6096,Fake,0.88,"click, claim"
Click here to claim your iPhone now!,user0583,9672,Fake,0.89,"click, claim"
Click here to claim your prize now!,user0584,9352,Fake,0.89,"prize, click, claim"
Click here to claim your prize now!,user0585,9547,Fake,0.92,"prize, click, claim"
Thanks for all the support!,user0586,168,Real,0.86,
Click here to claim your cash now!,user0587,3677,Fake,0.89,"cash, click, claim"
Click here to claim your prize now!,user0588,7105,Fake,0.89,"prize, click, claim"
We just hit a milestone!,user0589,7513,Real,0.87,
Click here to claim your iPhone now!,user0590,2489,Fake,0.94,"click, claim"
Click here to claim your iPhone now!,user0591,4706,Fake,0.91,"click, claim"
Excited to announce our new product.,user0592,7937,Real,0.98,
Click here to claim your reward now!,user0593,8564,Fake,0.95,"reward, click, claim"
Join us for the live event tomorrow.,user0594,2034,Real,0.96,
Click here to claim your claim now!,user0595,3347,Fake,0.91,"click, claim"
Click here to claim your selected now!,user0596,545,Fake,0.97,"selected, click, claim"
Click here to claim your iPhone now!,user0597,9572,Fake,0.97,"click, claim"
Excited to announce our new product.,user0598,5848,Real,0.85,
Join us for the live event tomorrow.,user0599,7322,Real,0.94,
Join us for the live event tomorrow.,user0600,4392,Real,0.97,
Click here to claim your free now!,user0601,6377,Fake,0.87,"free, click, claim"
Click here to claim your claim now!,user0602,8422,Fake,0.9,"click, claim"
Grateful for 10K followers!,user0603,2251,Real,0.93,
Grateful for 10K followers!,user0604,9473,Real,0.94,
Join us for the live event tomorrow.,user0605,1486,Real,0.98,
Click here to claim your prize now!,user0606,2555,Fake,0.9,"prize, click, claim"
Click here to claim your claim now!,user0607,9192,Fake,0.91,"click, claim"
Join us for the live event tomorrow.,user0608,8144,Real,0.93,
Click here to claim your cash now!,user0609,2341,Fake,0.98,"cash, click, claim"
Join us for the live event tomorrow.,user0610,200,Real,0.88,
Grateful for 10K followers!,user0611,558,Real,0.88,
Click here to claim your prize now!,user0612,246,Fake,0.88,"prize, click, claim"
Excited to announce our new product.,user0613,94,Real,0.94,
Click here to claim your prize now!,user0614,5665,Fake,0.85,"prize, click, claim"
Click here to claim your prize now!,user0615,447,Fake,0.87,"prize, click, claim"
Click here to claim your iPhone now!,user0616,7275,Fake,0.98,"click, claim"
Click here to claim your click now!,user0617,6446,Fake,0.88,"click, claim"
Grateful for 10K followers!,user0618,6070,Real,0.97,
Click here to claim your free now!,user0619,9411,Fake,0.93,"free, click, claim"
Click here to claim your cash now!,user0620,1769,Fake,0.9,"cash, click, claim"
Click here to claim your click now!,user0621,2712,Fake,0.89,"click, claim"
Click here to claim your congratulations now!,user0622,1320,Fake,0.97,"click, claim, congratulations"
Excited to announce our new product.,user0623,9208,Real,0.88,
Thanks for all the support!,user0624,5078,Real,0.86,
Click here to claim your reward now!,user0625,7038,Fake,0.86,"reward, click, claim"
Click here to claim your prize now!,user0626,6553,Fake,0.95,"prize, click, claim"
Thanks for all the support!,user0627,8576,Real,0.88,
Join us for the live event tomorrow.,user0628,2699,Real,0.96,
Click here to claim your congratulations now!,user0629,7568,Fake,0.89,"click, claim, congratulations"
Click here to claim your iPhone now!,user0630,2784,Fake,0.94,"click, claim"
Excited to announce our new product.,user0631,9315,Real,0.96,
We just hit a milestone!,user0632,5501,Real,0.89,
Click here to claim your cash now!,user0633,7442,Fake,0.97,"cash, click, claim"
Click here to claim your free now!,user0634,8315,Fake,0.9,"free, click, claim"
We just hit a milestone!,user0635,3015,Real,0.9,
Join us for the live event tomorrow.,user0636,3821,Real,0.97,
Excited to announce our new product.,user0637,6398,Real,0.95,
Click here to claim your prize now!,user0638,6941,Fake,0.92,"prize, click, claim"
Click here to claim your cash now!,user0639,8060,Fake,0.87,"cash, click, claim"
Join us for the live event tomorrow.,user0640,4557,Real,0.99,
Click here to claim your free now!,user0641,5540,Fake,0.95,"free, click, claim"
Thanks for all the support!,user0642,8426,Real,0.9,
Excited to announce our new product.,user0643,8982,Real,0.92,
Thanks for all the support!,user0644,8030,Real,0.88,
Excited to announce our new product.,user0645,5973,Real,0.86,
Click here to claim your cash now!,user0646,6190,Fake,0.87,"cash, click, claim"
Click here to claim your prize now!,user0647,4613,Fake,0.98,"prize, click, claim"
Click here to claim your claim now!,user0648,1839,Fake,0.96,"click, claim"
Click here to claim your click now!,user0649,3929,Fake,0.95,"click, claim"
Thanks for all the support!,user0650,4661,Real,0.97,
Join us for the live event tomorrow.,user0651,7848,Real,0.92,
Join us for the live event tomorrow.,user0652,6151,Real,0.89,
Click here to claim your selected now!,user0653,3010,Fake,0.92,"selected, click, claim"
Click here to claim your prize now!,user0654,4319,Fake,0.92,"prize, click, claim"
Excited to announce our new product.,user0655,1867,Real,0.85,
Thanks for all the support!,user0656,9519,Real,0.91,
Click here to claim your free now!,user0657,2676,Fake,0.99,"free, click, claim"
Grateful for 10K followers!,user0658,6857,Real,0.91,
Click here to claim your click now!,user0659,8755,Fake,0.93,"click, claim"
Click here to claim your selected now!,user0660,3243,Fake,0.97,"selected, click, claim"
Click here to claim your prize now!,user0661,2588,Fake,0.89,"prize, click, claim"
Grateful for 10K followers!,user0662,9986,Real,0.98,
Click here to claim your claim now!,user0663,2717,Fake,0.9,"click, claim"
Grateful for 10K followers!,user0664,3250,Real,0.96,
Click here to claim your click now!,user0665,4832,Fake,0.97,"click, claim"
Click here to claim your click now!,user0666,7248,Fake,0.96,"click, claim"
Click here to claim your reward now!,user0667,2928,Fake,0.9,"reward, click, claim"
Click here to claim your prize now!,user0668,7538,Fake,0.94,"prize, click, claim"
Click here to claim your winner now!,user0669,7697,Fake,0.96,"winner, click, claim"
Click here to claim your reward now!,user0670,3823,Fake,0.96,"reward, click, claim"
Grateful for 10K followers!,user0671,4227,Real,0.93,
Click here to claim your selected now!,user0672,2314,Fake,0.9,"selected, click, claim"
Click here to claim your click now!,user0673,810,Fake,0.95,"click, claim"
Click here to claim your prize now!,user0674,6458,Fake,0.98,"prize, click, claim"
Join us for the live event tomorrow.,user0675,7935,Real,0.91,
Click here to claim your prize now!,user0676,2019,Fake,0.86,"prize, click, claim"
We just hit a milestone!,user0677,9361,Real,0.88,
Click here to claim your reward now!,user0678,9753,Fake,0.93,"reward, click, claim"
Click here to claim your selected now!,user0679,9046,Fake,0.92,"selected, click, claim"
Thanks for all the support!,user0680,8109,Real,0.94,
Click here to claim your selected now!,user0681,204,Fake,0.85,"selected, click, claim"
Click here to claim your reward now!,user0682,9352,Fake,0.93,"reward, click, claim"
Click here to claim your click now!,user0683,3639,Fake,0.98,"click, claim"
Click here to claim your selected now!,user0684,1005,Fake,0.96,"selected, click, claim"
Click here to claim your congratulations now!,user0685,4061,Fake,0.87,"click, claim, congratulations"
Excited to announce our new product.,user0686,8992,Real,0.99,
Click here to claim your reward now!,user0687,4876,Fake,0.92,"reward, click, claim"
Click here to claim your prize now!,user0688,3637,Fake,0.96,"prize, click, claim"
Click here to claim your free now!,user0689,9639,Fake,0.93,"free, click, claim"
Grateful for 10K followers!,user0690,6138,Real,0.94,
Grateful for 10K followers!,user0691,8458,Real,0.88,
Click here to claim your congratulations now!,user0692,1888,Fake,0.88,"click, claim, congratulations"
We just hit a milestone!,user0693,4481,Real,0.89,
Click here to claim your click now!,user0694,3710,Fake,0.99,"click, claim"
Click here to claim your prize now!,user0695,1720,Fake,0.91,"prize, click, claim"
Join us for the live event tomorrow.,user0696,2984,Real,0.98,
Click here to claim your click now!,user0697,9253,Fake,0.9,"click, claim"
We just hit a milestone!,user0698,7713,Real,0.95,
Join us for the live event tomorrow.,user0699,4995,Real,0.93,
Excited to announce our new product.,user0700,2425,Real,0.94,
Grateful for 10K followers!,user0701,2254,Real,0.87,
Join us for the live event tomorrow.,user0702,3639,Real,0.92,
We just hit a milestone!,user0703,8551,Real,0.93,
Click here to claim your iPhone now!,user0704,8571,Fake,0.98,"click, claim"
We just hit a milestone!,user0705,7313,Real,0.93,
Click here to claim your congratulations now!,user0706,7375,Fake,0.94,"click, claim, congratulations"
Click here to claim your cash now!,user0707,4181,Fake,0.89,"cash, click, claim"
Click here to claim your click now!,user0708,837,Fake,0.93,"click, claim"
Click here to claim your click now!,user0709,3574,Fake,0.98,"click, claim"
We just hit a milestone!,user0710,7057,Real,0.88,
We just hit a milestone!,user0711,1206,Real,0.96,
Click here to claim your cash now!,user0712,3887,Fake,0.92,"cash, click, claim"
Click here to claim your congratulations now!,user0713,6802,Fake,0.95,"click, claim, congratulations"
We just hit a milestone!,user0714,2914,Real,0.88,
Click here to claim your selected now!,user0715,8166,Fake,0.85,"selected, click, claim"
Click here to claim your congratulations now!,user0716,6829,Fake,0.87,"click, claim, congratulations"
Excited to announce our new product.,user0717,4542,Real,0.86,
Thanks for all the support!,user0718,6082,Real,0.96,
We just hit a milestone!,user0719,2307,Real,0.89,
Click here to claim your free now!,user0720,6305,Fake,0.89,"free, click, claim"
Thanks for all the support!,user0721,3357,Real,0.86,
Excited to announce our new product.,user0722,6201,Real,0.97,
Click here to claim your reward now!,user0723,9523,Fake,0.98,"reward, click, claim"
Click here to claim your winner now!,user0724,768,Fake,0.9,"winner, click, claim"
Grateful for 10K followers!,user0725,8310,Real,0.98,
Click here to claim your free now!,user0726,4493,Fake,0.91,"free, click, claim"
Click here to claim your click now!,user0727,4032,Fake,0.87,"click, claim"
Click here to claim your prize now!,user0728,4503,Fake,0.92,"prize, click, claim"
Click here to claim your congratulations now!,user0729,2791,Fake,0.97,"click, claim, congratulations"
Click here to claim your congratulations now!,user0730,7421,Fake,0.91,"click, claim, congratulations"
Grateful for 10K followers!,user0731,4265,Real,0.9,
Thanks for all the support!,user0732,2270,Real,0.98,
Click here to claim your congratulations now!,user0733,3758,Fake,0.96,"click, claim, congratulations"
Excited to announce our new product.,user0734,2423,Real,0.93,
Click here to claim your claim now!,user0735,6596,Fake,0.85,"click, claim"
Join us for the live event tomorrow.,user0736,6512,Real,0.9,
Click here to claim your iPhone now!,user0737,2916,Fake,0.85,"click, claim"
Excited to announce our new product.,user0738,8825,Real,0.9,
We just hit a milestone!,user0739,8421,Real,0.92,
Thanks for all the support!,user0740,2058,Real,0.93,
Click here to claim your congratulations now!,user0741,8166,Fake,0.95,"click, claim, congratulations"
Join us for the live event tomorrow.,user0742,7712,Real,0.9,
We just hit a milestone!,user0743,775,Real,0.94,
We just hit a milestone!,user0744,4133,Real,0.95,
Click here to claim your claim now!,user0745,8660,Fake,0.99,"click, claim"
Excited to announce our new product.,user0746,4926,Real,0.93,
Click here to claim your congratulations now!,user0747,9732,Fake,0.97,"click, claim, congratulations"
We just hit a milestone!,user0748,2821,Real,0.9,
Click here to claim your congratulations now!,user0749,5416,Fake,0.95,"click, claim, congratulations"
Click here to claim your iPhone now!,user0750,7469,Fake,0.97,"click, claim"
Excited to announce our new product.,user0751,3910,Real,0.9,
Click here to claim your winner now!,user0752,243,Fake,0.9,"winner, click, claim"
We just hit a milestone!,user0753,1405,Real,0.96,
Click here to claim your iPhone now!,user0754,7350,Fake,0.97,"click, claim"
Click here to claim your selected now!,user0755,1466,Fake,0.86,"selected, click, claim"
Click here to claim your cash now!,user0756,5294,Fake,0.86,"cash, click, claim"
Click here to claim your congratulations now!,user0757,1956,Fake,0.9,"click, claim, congratulations"
Join us for the live event tomorrow.,user0758,6521,Real,0.91,
Thanks for all the support!,user0759,320,Real,0.93,
Grateful for 10K followers!,user0760,1311,Real,0.97,
Excited to announce our new product.,user0761,2000,Real,0.96,
Click here to claim your click now!,user0762,8569,Fake,0.95,"click, claim"
Excited to announce our new product.,user0763,8957,Real,0.9,
Click here to claim your cash now!,user0764,5147,Fake,0.92,"cash, click, claim"
We just hit a milestone!,user0765,5383,Real,0.98,
We just hit a milestone!,user0766,8106,Real,0.98,
Click here to claim your selected now!,user0767,4355,Fake,0.9,"selected, click, claim"
Click here to claim your cash now!,user0768,4576,Fake,0.95,"cash, click, claim"
Click here to claim your claim now!,user0769,1073,Fake,0.86,"click, claim"
We just hit a milestone!,user0770,4634,Real,0.92,
Grateful for 10K followers!,user0771,5570,Real,0.87,
We just hit a milestone!,user0772,6385,Real,0.98,
Grateful for 10K followers!,user0773,3317,Real,0.87,
Click here to claim your iPhone now!,user0774,2906,Fake,0.95,"click, claim"
Click here to claim your reward now!,user0775,5122,Fake,0.9,"reward, click, claim"
Excited to announce our new product.,user0776,4126,Real,0.98,
Excited to announce our new product.,user0777,8930,Real,0.92,
Click here to claim your selected now!,user0778,3534,Fake,0.98,"selected, click, claim"
Click here to claim your congratulations now!,user0779,6139,Fake,0.89,"click, claim, congratulations"
Grateful for 10K followers!,user0780,947,Real,0.92,
Excited to announce our new product.,user0781,3787,Real,0.88,
Click here to claim your free now!,user0782,1079,Fake,0.99,"free, click, claim"
Grateful for 10K followers!,user0783,3385,Real,0.91,
We just hit a milestone!,user0784,642,Real,0.91,
Click here to claim your prize now!,user0785,760,Fake,0.86,"prize, click, claim"
Click here to claim your congratulations now!,user0786,4990,Fake,0.85,"click, claim, congratulations"
Join us for the live event tomorrow.,user0787,1211,Real,0.91,
Join us for the live event tomorrow.,user0788,9819,Real,0.86,
Excited to announce our new product.,user0789,6435,Real,0.91,
Click here to claim your selected now!,user0790,9208,Fake,0.87,"selected, click, claim"
Grateful for 10K followers!,user0791,7988,Real,0.97,
Excited to announce our new product.,user0792,9182,Real,0.88,
Thanks for all the support!,user0793,3197,Real,0.9,
Grateful for 10K followers!,user0794,8268,Real,0.94,
Thanks for all the support!,user0795,8607,Real,0.92,
Grateful for 10K followers!,user0796,3339,Real,0.9,
Click here to claim your free now!,user0797,8898,Fake,0.94,"free, click, claim"
Join us for the live event tomorrow.,user0798,441,Real,0.88,
Click here to claim your prize now!,user0799,7828,Fake,0.94,"prize, click, claim"
Click here to claim your winner now!,user0800,1075,Fake,0.9,"winner, click, claim"
Click here to claim your claim now!,user0801,198,Fake,0.94,"click, claim"
Click here to claim your iPhone now!,user0802,2421,Fake,0.89,"click, claim"
We just hit a milestone!,user0803,8094,Real,0.92,
Thanks for all the support!,user0804,1673,Real,0.99,
Grateful for 10K followers!,user0805,6638,Real,0.87,
Thanks for all the support!,user0806,7011,Real,0.93,
Click here to claim your reward now!,user0807,27,Fake,0.96,"reward, click, claim"
Click here to claim your claim now!,user0808,7518,Fake,0.93,"click, claim"
Grateful for 10K followers!,user0809,1342,Real,0.99,
Click here to claim your click now!,user0810,7208,Fake,0.94,"click, claim"
Click here to claim your selected now!,user0811,6254,Fake,0.96,"selected, click, claim"
Click here to claim your selected now!,user0812,4101,Fake,0.92,"selected, click, claim"
Click here to claim your cash now!,user0813,8912,Fake,0.98,"cash, click, claim"
Grateful for 10K followers!,user0814,5013,Real,0.93,
Excited to announce our new product.,user0815,4829,Real,0.95,
Click here to claim your congratulations now!,user0816,3126,Fake,0.94,"click, claim, congratulations"
Click here to claim your reward now!,user0817,1938,Fake,0.91,"reward, click, claim"
Click here to claim your selected now!,user0818,9842,Fake,0.88,"selected, click, claim"
Click here to claim your claim now!,user0819,9337,Fake,0.9,"click, claim"
Click here to claim your iPhone now!,user0820,7338,Fake,0.89,"click, claim"
Grateful for 10K followers!,user0821,6028,Real,0.96,
Click here to claim your click now!,user0822,5522,Fake,0.89,"click, claim"
Click here to claim your selected now!,user0823,9127,Fake,0.95,"selected, click, claim"
Join us for the live event tomorrow.,user0824,5282,Real,0.95,
Click here to claim your claim now!,user0825,8477,Fake,0.99,"click, claim"
Click here to claim your cash now!,user0826,121,Fake,0.96,"cash, click, claim"
We just hit a milestone!,user0827,2843,Real,0.96,
Join us for the live event tomorrow.,user0828,3613,Real,0.9,
We just hit a milestone!,user0829,6649,Real,0.93,
Thanks for all the support!,user0830,3158,Real,0.93,
Grateful for 10K followers!,user0831,1685,Real,0.94,
Grateful for 10K followers!,user0832,3041,Real,0.95,
Click here to claim your claim now!,user0833,8646,Fake,0.97,"click, claim"
Thanks for all the support!,user0834,9307,Real,0.97,
Excited to announce our new product.,user0835,9770,Real,0.9,
Click here to claim your claim now!,user0836,1927,Fake,0.92,"click, claim"
Click here to claim your cash now!,user0837,2459,Fake,0.92,"cash, click, claim"
Click here to claim your prize now!,user0838,9172,Fake,0.9,"prize, click, claim"
Grateful for 10K followers!,user0839,8815,Real,0.96,
Click here to claim your reward now!,user0840,6011,Fake,0.97,"reward, click, claim"
Click here to claim your iPhone now!,user0841,5617,Fake,0.9,"click, claim"
Click here to claim your cash now!,user0842,4598,Fake,0.91,"cash, click, claim"
Excited to announce our new product.,user0843,4543,Real,0.89,
Click here to claim your free now!,user0844,1180,Fake,0.85,"free, click, claim"
Click here to claim your cash now!,user0845,8034,Fake,0.92,"cash, click, claim"
Thanks for all the support!,user0846,7009,Real,0.95,
Grateful for 10K followers!,user0847,2845,Real,0.98,
Click here to claim your reward now!,user0848,7399,Fake,0.96,"reward, click, claim"
Grateful for 10K followers!,user0849,549,Real,0.98,
Click here to claim your iPhone now!,user0850,4682,Fake,0.88,"click, claim"
Join us for the live event tomorrow.,user0851,8590,Real,0.87,
Click here to claim your prize now!,user0852,2584,Fake,0.9,"prize, click, claim"
Click here to claim your prize now!,user0853,3785,Fake,0.91,"prize, click, claim"
Click here to claim your prize now!,user0854,1845,Fake,0.92,"prize, click, claim"
Thanks for all the support!,user0855,4391,Real,0.93,
Click here to claim your prize now!,user0856,7346,Fake,0.87,"prize, click, claim"
We just hit a milestone!,user0857,1293,Real,0.87,
Click here to claim your claim now!,user0858,9818,Fake,0.92,"click, claim"
Join us for the live event tomorrow.,user0859,1101,Real,0.95,
Click here to claim your click now!,user0860,6538,Fake,0.9,"click, claim"
Click here to claim your selected now!,user0861,3179,Fake,0.88,"selected, click, claim"
Click here to claim your claim now!,user0862,8200,Fake,0.94,"click, claim"
Join us for the live event tomorrow.,user0863,6896,Real,0.95,
Click here to claim your winner now!,user0864,9510,Fake,0.97,"winner, click, claim"
Click here to claim your winner now!,user0865,8500,Fake,0.98,"winner, click, claim"
Excited to announce our new product.,user0866,3951,Real,0.86,
Click here to claim your winner now!,user0867,878,Fake,0.93,"winner, click, claim"
Click here to claim your cash now!,user0868,6083,Fake,0.94,"cash, click, claim"
Thanks for all the support!,user0869,3660,Real,0.91,
Excited to announce our new product.,user0870,571,Real,0.89,
Thanks for all the support!,user0871,6530,Real,0.95,
We just hit a milestone!,user0872,7807,Real,0.91,
Thanks for all the support!,user0873,2781,Real,0.9,
Join us for the live event tomorrow.,user0874,6229,Real,0.88,
Join us for the live event tomorrow.,user0875,5315,Real,0.88,
Excited to announce our new product.,user0876,4247,Real,0.86,
Join us for the live event tomorrow.,user0877,4251,Real,0.9,
Click here to claim your iPhone now!,user0878,3340,Fake,0.97,"click, claim"
Click here to claim your congratulations now!,user0879,3117,Fake,0.92,"click, claim, congratulations"
We just hit a milestone!,user0880,1314,Real,0.94,
Click here to claim your reward now!,user0881,1707,Fake,0.93,"reward, click, claim"
Excited to announce our new product.,user0882,2763,Real,0.95,
Click here to claim your congratulations now!,user0883,5563,Fake,0.92,"click, claim, congratulations"
Grateful for 10K followers!,user0884,1137,Real,0.86,
Excited to announce our new product.,user0885,4036,Real,0.89,
Click here to claim your congratulations now!,user0886,5107,Fake,0.86,"click, claim, congratulations"
Click here to claim your reward now!,user0887,592,Fake,0.86,"reward, click, claim"
Click here to claim your click now!,user0888,9325,Fake,0.93,"click, claim"
Grateful for 10K followers!,user0889,6981,Real,0.98,
Click here to claim your claim now!,user0890,9601,Fake,0.9,"click, claim"
Click here to claim your reward now!,user0891,953,Fake,0.95,"reward, click, claim"
We just hit a milestone!,user0892,2816,Real,0.9,
Click here to claim your selected now!,user0893,9692,Fake,0.87,"selected, click, claim"
Thanks for all the support!,user0894,5452,Real,0.94,
Join us for the live event tomorrow.,user0895,6276,Real,0.88,
Thanks for all the support!,user0896,8354,Real,0.88,
We just hit a milestone!,user0897,828,Real,0.9,
Click here to claim your cash now!,user0898,5066,Fake,0.98,"cash, click, claim"
Join us for the live event tomorrow.,user0899,350,Real,0.95,
Click here to claim your iPhone now!,user0900,4063,Fake,0.98,"click, claim"
We just hit a milestone!,user0901,8963,Real,0.91,
Click here to claim your click now!,user0902,7775,Fake,0.97,"click, claim"
Excited to announce our new product.,user0903,3734,Real,0.87,
Thanks for all the support!,user0904,2876,Real,0.89,
Thanks for all the support!,user0905,2484,Real,0.9,
Join us for the live event tomorrow.,user0906,8572,Real,0.89,
Thanks for all the support!,user0907,9745,Real,0.91,
Click here to claim your cash now!,user0908,5845,Fake,0.94,"cash, click, claim"
Thanks for all the support!,user0909,4851,Real,0.92,
Click here to claim your reward now!,user0910,2473,Fake,0.86,"reward, click, claim"
Thanks for all the support!,user0911,2695,Real,0.88,
Excited to announce our new product.,user0912,7964,Real,0.9,
Click here to claim your cash now!,user0913,1854,Fake,0.97,"cash, click, claim"
Click here to claim your winner now!,user0914,5100,Fake,0.89,"winner, click, claim"
Click here to claim your prize now!,user0915,940,Fake,0.94,"prize, click, claim"
Click here to claim your iPhone now!,user0916,5747,Fake,0.98,"click, claim"
We just hit a milestone!,user0917,9779,Real,0.96,
Excited to announce our new product.,user0918,901,Real,0.99,
Click here to claim your winner now!,user0919,5475,Fake,0.86,"winner, click, claim"
Click here to claim your free now!,user0920,9486,Fake,0.89,"free, click, claim"
Click here to claim your congratulations now!,user0921,6932,Fake,0.96,"click, claim, congratulations"
Click here to claim your winner now!,user0922,9083,Fake,0.92,"winner, click, claim"
Thanks for all the support!,user0923,6324,Real,0.86,
Click here to claim your winner now!,user0924,3263,Fake,0.89,"winner, click, claim"
We just hit a milestone!,user0925,1476,Real,0.98,
Click here to claim your winner now!,user0926,1170,Fake,0.95,"winner, click, claim"
Click here to claim your iPhone now!,user0927,6104,Fake,0.92,"click, claim"
Click here to claim your winner now!,user0928,1620,Fake,0.98,"winner, click, claim"
Click here to claim your cash now!,user0929,7430,Fake,0.89,"cash, click, claim"
We just hit a milestone!,user0930,3963,Real,0.97,
Click here to claim your iPhone now!,user0931,7971,Fake,0.98,"click, claim"
Click here to claim your free now!,user0932,416,Fake,0.87,"free, click, claim"
Click here to claim your click now!,user0933,7634,Fake,0.98,"click, claim"
Join us for the live event tomorrow.,user0934,6235,Real,0.98,
Join us for the live event tomorrow.,user0935,3379,Real,0.93,
Grateful for 10K followers!,user0936,701,Real,0.86,
Thanks for all the support!,user0937,2521,Real,0.98,
We just hit a milestone!,user0938,6678,Real,0.9,
Excited to announce our new product.,user0939,2448,Real,0.87,
Click here to claim your claim now!,user0940,8357,Fake,0.93,"click, claim"
Click here to claim your reward now!,user0941,2865,Fake,0.88,"reward, click, claim"
Join us for the live event tomorrow.,user0942,6424,Real,0.88,
Click here to claim your iPhone now!,user0943,8172,Fake,0.98,"click, claim"
Click here to claim your prize now!,user0944,6323,Fake,0.87,"prize, click, claim"
Thanks for all the support!,user0945,8998,Real,0.88,
Click here to claim your iPhone now!,user0946,1094,Fake,0.91,"click, claim"
Click here to claim your winner now!,user0947,9699,Fake,0.89,"winner, click, claim"
Click here to claim your iPhone now!,user0948,8752,Fake,0.97,"click, claim"
Click here to claim your cash now!,user0949,5990,Fake,0.88,"cash, click, claim"
Click here to claim your cash now!,user0950,5432,Fake,0.98,"cash, click, claim"
We just hit a milestone!,user0951,672,Real,0.98,
We just hit a milestone!,user0952,528,Real,0.94,
Click here to claim your iPhone now!,user0953,2871,Fake,0.86,"click, claim"
We just hit a milestone!,user0954,3924,Real,0.96,
Excited to announce our new product.,user0955,4256,Real,0.97,
Click here to claim your reward now!,user0956,9883,Fake,0.88,"reward, click, claim"
Click here to claim your congratulations now!,user0957,1536,Fake,0.94,"click, claim, congratulations"
Click here to claim your click now!,user0958,7329,Fake,0.9,"click, claim"
We just hit a milestone!,user0959,9203,Real,0.95,
Click here to claim your reward now!,user0960,5625,Fake,0.91,"reward, click, claim"
Click here to claim your claim now!,user0961,4604,Fake,0.88,"click, claim"
Click here to claim your iPhone now!,user0962,6366,Fake,0.96,"click, claim"
We just hit a milestone!,user0963,6232,Real,0.97,
Grateful for 10K followers!,user0964,9572,Real,0.91,
Click here to claim your congratulations now!,user0965,1446,Fake,0.91,"click, claim, congratulations"
Click here to claim your free now!,user0966,1739,Fake,0.93,"free, click, claim"
Thanks for all the support!,user0967,1958,Real,0.89,
Click here to claim your iPhone now!,user0968,889,Fake,0.96,"click, claim"
Thanks for all the support!,user0969,2977,Real,0.91,
Click here to claim your reward now!,user0970,6704,Fake,0.88,"reward, click, claim"
Click here to claim your reward now!,user0971,3279,Fake,0.88,"reward, click, claim"
We just hit a milestone!,user0972,279,Real,0.96,
Click here to claim your reward now!,user0973,871,Fake,0.95,"reward, click, claim"
Click here to claim your reward now!,user0974,2053,Fake,0.99,"reward, click, claim"
We just hit a milestone!,user0975,9480,Real,0.97,
Click here to claim your winner now!,user0976,2720,Fake,0.89,"winner, click, claim"
Click here to claim your cash now!,user0977,6836,Fake,0.93,"cash, click, claim"
Click here to claim your free now!,user0978,3914,Fake,0.92,"free, click, claim"
Click here to claim your cash now!,user0979,9462,Fake,0.98,"cash, click, claim"
Join us for the live event tomorrow.,user0980,8813,Real,0.87,
Excited to announce our new product.,user0981,1339,Real,0.99,
Join us for the live event tomorrow.,user0982,2928,Real,0.96,
Click here to claim your claim now!,user0983,24,Fake,0.99,"click, claim"
Click here to claim your winner now!,user0984,4356,Fake,0.91,"winner, click, claim"
Excited to announce our new product.,user0985,1286,Real,0.94,
Join us for the live event tomorrow.,user0986,7633,Real,0.89,
Click here to claim your winner now!,user0987,3044,Fake,0.89,"winner, click, claim"
Thanks for all the support!,user0988,7494,Real,0.92,
Click here to claim your claim now!,user0989,2341,Fake,0.87,"click, claim"
Click here to claim your free now!,user0990,4156,Fake,0.92,"free, click, claim"
Grateful for 10K followers!,user0991,2649,Real,0.86,
Join us for the live event tomorrow.,user0992,343,Real,0.95,
Click here to claim your prize now!,user0993,5342,Fake,0.92,"prize, click, claim"
Click here to claim your click now!,user0994,352,Fake,0.94,"click, claim"
Join us for the live event tomorrow.,user0995,7208,Real,0.93,
Grateful for 10K followers!,user0996,717,Real,0.99,
Click here to claim your reward now!,user0997,421,Fake,0.88,"reward, click, claim"
Click here to claim your cash now!,user0998,9473,Fake,0.93,"cash, click, claim"
Click here to claim your selected now!,user0999,1649,Fake,0.89,"selected, click, claim"
